"","latitude","longitude","altitude..m.","mine.rad"
"647",37.0333,-110.4174,1910.7,1.3
"648",37.0333,-110.334,1571.5,2.1
"649",37.0167,-110.2507,1593.8,0.6
"661",37.0272,-109.3907,1590,2.1
"663",37.0181,-110.321,1550,2.3
"2507",37.0125,-110.4615,1722.9,2.3
"2508",37.0189,-110.3213,1585.4,3
"2511",37.0072,-110.3557,1690.7,3.8
"2513",37.0325,-110.4227,1830.7,1.2
"2514",37.0186,-110.2613,1675.1,3.5
"2515",37.0056,-110.3154,1598,3.3
"2517",37.0169,-110.2579,1628,2.9
"2518",37.0244,-110.4179,1803.7,1.8
"2521",37.0194,-110.244,1732.4,2.1
"2522",37.0147,-110.2157,1775.5,3
"2523",37.0211,-110.2327,1770,1.8
"2798",37.0272,-109.3813,1593.6,1.5
"3370",35.7331,-108.2944,2079.8,2.4835817717206
"3371",35.6744,-108.26,2308.3,0.723623122439708
"3372",35.7028,-108.2236,2071.7,3.65075318655847
"3376",36.7028,-109.3883,1869.9,2.28880639634495
"3377",36.7444,-109.275,1874.3,2.70627906976732
"3378",36.7067,-109.2892,1865.5,1.9153986332574
"3379",36.6608,-109.3328,1868.6,1.14037089871613
"3380",36.6481,-109.2772,2091.9,3.98974025974026
"3381",36.6444,-109.2772,2010.5,3.99454545454546
"3382",36.8036,-109.0808,2223.7,1.62100936286823
"3383",36.6058,-109.2669,2281.6,2.3047619047619
"3384",36.87,-109.1181,1846.4,3.48432721712538
"3385",36.8456,-109.1331,2167.7,2.1
"3386",36.8489,-109.1017,2059.4,2.88100388241819
"3387",36.8489,-109.0928,1986.3,1.59716981132076
"3388",36.8414,-109.0969,2141.9,1.16048689138578
"3389",36.8472,-109.0433,1758.4,2
"3390",36.5633,-109.0533,1830.7,1.54654377880185
"3391",36.5494,-109.0508,1872.9,2.84434570732407
"3392",36.7436,-109.1525,2182.7,2.0328474491078
"3393",36.8792,-109.2817,1757.2,1.54862804878049
"3394",36.815,-109.08,2176.3,2.58588754134509
"3395",36.6697,-109.3258,2013.5,1.96624203821657
"3396",36.7844,-109.1861,2663.3,3.43649885583523
"3398",36.5983,-109.2728,2296.6,1.07845732542219
"3400",35.0481,-110.3311,1609.7,4
"3401",35.7536,-111.2881,1294.1,4.07301927194861
"3402",36.0233,-111.375,1354.1,3.07797468354431
"3403",35.8214,-111.3867,1329.3,6.18371335504885
"3406",36.9553,-110.1125,1726.2,0.8
"3409",36.8225,-109.2156,2342.1,0.1
"3410",36.7944,-109.2778,1967,2.22806122448978
"3411",35.7858,-111.0753,1659.7,2.32906300860264
"3412",36.8764,-110.4164,1911.6,0.9
"3413",36.8917,-109.2594,1752.9,2.16732673267327
"3414",36.9075,-109.2625,1695.8,1.4
"3415",36.8836,-109.2719,1827.7,2.87221711131555
"3416",36.8853,-109.2636,1813,2.2
"3417",36.5128,-109.2572,2532.7,2.92706595905989
"3418",36.9653,-110.3706,1953.3,1.5
"3419",36.9269,-109.4775,1673.8,0.2
"3420",36.915,-109.2858,1678.1,2.25398280802289
"3421",36.9369,-109.2539,1629.2,2.5
"3422",36.8603,-109.4344,1611.6,2.8
"3423",36.9011,-109.2972,1784.1,2
"3424",36.9081,-109.3072,1708.4,2.65932977913175
"3425",36.9931,-110.4486,1733.1,2.1
"3426",36.4672,-109.2247,2175.2,2.62046492320465
"3427",36.4672,-109.2139,2237.4,2.00066873267004
"3428",36.8,-109.2833,1992.1,2.78056732963808
"3429",36.7967,-109.2158,2441.4,2.73052908314164
"3430",36.885,-109.4694,1620.5,1.57552083333333
"3431",36.9694,-109.3172,1650,2.5
"3432",36.9058,-109.3539,1728.2,1.61129770992367
"3433",36.8992,-109.8992,1627.6,2.3
"3434",36.9086,-109.8883,1628.8,2.6
"3435",36.9892,-109.8422,1438.9,3.2
"3436",36.98,-109.8539,1445.3,0.6
"3437",36.9622,-109.8647,1472.5,2.5
"3438",35.9031,-111.4092,1278.8,1.25890728476822
"3439",35.8758,-111.3981,1286.3,6.50909585069756
"3440",35.7658,-111.3422,1309.5,2.90923787528866
"3443",36.6408,-109.2881,2011.8,3.35407854984896
"3444",36.9372,-109.4589,1666.3,0.5
"3445",36.9008,-109.2889,1725.1,2.44846962083143
"3455",36.2594,-109.9197,2149,3.62005242463958
"3456",36.3594,-109.8297,2337,2.99657794676805
"3457",36.3861,-109.8461,2121.7,2.01115198896298
"3458",36.2869,-109.8481,2165.5,2.73610369805564
"3459",36.2922,-109.8364,2151.8,1.8
"3460",36.4608,-109.9106,1821,2.50867862969005
"3461",36.4628,-109.9358,1818.7,2.45135420330637
"3462",36.2214,-109.8389,2195.8,2.05675057208231
"3463",36.2328,-109.8158,2222.7,2.40799086757993
"3464",36.2072,-109.8417,2175.6,3.37286585365852
"3465",36.1975,-109.8569,2196.3,1.10925925925925
"3466",36.2131,-109.8567,2180.6,3.05483993902438
"3467",36.2047,-109.8633,2183.7,2.36332378223496
"3468",36.2594,-109.8503,2170.6,1.15034324942792
"3469",36.2419,-109.9964,2270.8,4.58764302059495
"3470",36.2464,-109.8783,2116,3.0076993583868
"3472",35.0039,-109.799,1676.4,5.1
"3473",36.1694,-109.5771,1671.1,2.9420570623459
"3474",36.0964,-109.5034,1856.4,2.31927990708478
"3475",35.9683,-109.3515,2312.3,1.44477050413844
"3476",35.8453,-109.4459,2140.9,2.49802431610942
"3477",35.9178,-109.2684,2404.1,2.54219858156027
"3478",36.7247,-109.4134,1902.9,1.2
"3479",36.6869,-109.9979,1714.8,1.32088240464054
"3480",36.6986,-109.2868,1876,2.4325328759291
"3481",36.76,-109.0559,1853.2,3.1
"3482",36.1806,-109.484,1771,2.84848217437346
"3483",36.8381,-109.102,2230.4,3.86042612644084
"3484",36.9333,-109.884,1576.2,4.4
"3485",36.5922,-109.2937,2180.7,1.94156285390713
"3487",36.4953,-109.2457,2367.6,3.12935153583616
"3488",36.9167,-109.4673,1670.3,0.8
"3489",36.8042,-109.0743,2136.5,2.00381679389315
"3490",36.5019,-109.2259,2288.9,2.18347707671357
"3491",36.4989,-109.2543,2261.6,3.38432403288852
"3492",36.4925,-109.2479,2264.8,3.02820296492708
"3493",36.9667,-109.2646,1597.8,1
"3494",36.9792,-109.8757,1435.3,2.1
"3495",36.4797,-109.2348,2078.4,3.42164009111617
"3496",36.7494,-109.0718,1890.9,3.91195320447609
"3497",36.5419,-109.2468,2256.6,5.2
"3498",36.5467,-109.2557,2291.5,2.1
"3499",36.9364,-109.8687,1489.6,1
"3500",36.4822,-109.2257,2357.2,2.6654503990878
"3501",36.6361,-109.2768,2108.8,2.9690537084399
"3502",36.6297,-109.332,1910.4,1.5
"3503",36.2456,-109.8915,2140.8,2.82414143983719
"3504",36.4944,-109.259,2263.6,1.88134787964104
"3505",36.5611,-109.254,2109.2,2.64306569343065
"3506",36.5342,-109.267,2567.8,2.57837837837843
"3507",36.5419,-109.3048,2183.3,3.6795992714026
"3509",36.5133,-109.2307,2212.9,2.42389582966744
"3510",36.8292,-109.3312,1794.9,0.906503137478573
"3511",36.5144,-109.2798,2202,2.32632058287796
"3512",36.9228,-109.8651,1490.2,2.3
"3513",36.4842,-109.2334,2287.1,2.15522558537981
"3514",36.5833,-109.3343,1852.9,2
"3515",36.4789,-109.2493,2273.6,2.41876247504989
"3516",36.8967,-109.2701,1739.5,0.7
"3517",36.5228,-109.2193,2299.1,1.11800623052957
"3518",36.5119,-109.2151,2302.1,1.41729893778452
"3519",36.5147,-109.2229,2340.2,1.44871794871795
"3520",36.5103,-109.2257,2304.3,2.92177879133412
"3521",36.515,-109.2479,2381.8,2.9251536700012
"3522",36.5067,-109.2359,2462.2,2.6559213534522
"3523",36.5203,-109.2348,2194.3,3.60660592255125
"3524",36.5136,-109.2412,2392.8,2.3377659574468
"3525",36.5247,-109.2382,2152.8,1.62839005466407
"3526",36.5167,-109.2429,2244.7,1.99289940828401
"3527",36.515,-109.2484,2389.2,9.28898521162678
"3528",36.5161,-109.2551,2379.2,2.04865794907089
"3529",36.5169,-109.2518,2249.9,4.43429438543251
"3530",36.5178,-109.2562,2357.3,1.67597722960151
"3531",36.5214,-109.2495,2297,2.9
"3532",36.5258,-109.2448,2286.4,1.78267333809865
"3533",36.5231,-109.2476,2291.5,4.39887133182874
"3534",36.5233,-109.2573,2347.4,3.61059360730593
"3535",36.5253,-109.2695,2510,2.16576576576565
"3536",36.5386,-109.2657,2513.7,1.1
"3537",36.5403,-109.2568,2348.4,2.7007305936073
"3538",36.5433,-109.2668,2418.5,2.4
"3539",36.5422,-109.3193,2148.2,2.21936218678816
"3540",36.5347,-109.3015,2201.4,4.07641723356006
"3541",36.8931,-109.2771,1709.7,2.6
"3542",36.875,-109.1298,1875.1,2.2157894736842
"3543",36.7408,-109.2734,1847.5,1.38315617334422
"3544",36.5178,-109.2429,2215.3,2.00141101502048
"3545",36.7431,-109.059,1861.3,2.83053435114504
"3546",36.5008,-109.2701,2236.4,2.12814982973893
"3547",36.6692,-109.2584,2101.4,2.2
"3548",36.6669,-109.2507,1970.3,2.69630681818182
"3549",36.75,-109.1676,2463.9,1.04668192219677
"3550",36.65,-109.4173,1724.9,0.748328267477205
"3552",36.4167,-109.9173,1980,3.26171126527919
"3553",36.5081,-109.2709,2239.8,2.51882733675995
"3554",36.3111,-109.9701,2230.3,3.83616858237551
"3556",35.7889,-109.3532,2140.4,2.5058172801831
"3557",36.4133,-109.9015,1922.8,3.76367384333486
"3558",36.4644,-109.9115,1829.3,3.8
"3559",36.2531,-109.979,2217.3,3.82441573247197
"3560",36.8739,-109.0787,1821.9,3.06302201974185
"3565",36.1358,-109.5062,1828.1,2.12102959566486
"3566",36.1547,-109.5715,1674.3,1.20595988538681
"3567",36.1806,-109.574,1667.7,3
"3568",36.0797,-109.3093,1864.8,2.74808136846972
"3569",35.9597,-109.369,2294.5,2.47801147227535
"3570",35.9864,-109.3468,2301.5,4.50347313237222
"3571",35.875,-109.4437,2077.2,2.10732033639144
"3572",35.875,-109.4826,1906.5,2.11839541547278
"3573",35.9983,-109.2998,2303,2.20531177829101
"3574",36.5058,-109.2929,1890.3,3.17321937321937
"3575",36.6669,-109.3295,1932.9,1.8551194539249
"3576",36.6742,-109.3479,1934.8,1.96327383213065
"3577",36.6903,-109.3284,1873.9,1.98752556237219
"3578",36.7156,-109.2837,1967.4,2.4
"3579",36.7247,-109.414,1903.7,2.15239179954444
"3580",36.7314,-109.3101,1866.5,1.7
"3581",36.9167,-109.3423,1707.9,1.8
"3582",36.95,-109.4354,1631.9,2.22545045045043
"3583",36.9378,-109.8248,1735,0.883413139245335
"3584",36.7922,-109.1593,2780.5,2.40869565217399
"3585",36.9258,-109.916,1543.8,1.7
"3586",36.9022,-109.8929,1630.1,3.3
"3587",36.9153,-109.8409,1690.5,3.7
"3588",36.5731,-109.2662,2079.7,1.12626492325185
"3589",36.5892,-109.2737,2168.1,2.28996006845409
"3590",35.8353,-111.4563,1391.1,1.50460776846917
"3591",35.8792,-111.4257,1302.6,4.75574912891979
"3592",35.8647,-111.3757,1261.8,7.21919660100425
"3593",35.7172,-111.3649,1351.8,3.9569868995633
"3594",35.8611,-111.3701,1265.5,0.944680851063861
"3595",35.925,-111.4174,1281.7,3.7176334106728
"3596",35.8139,-111.3707,1302.1,2.4098836374084
"3597",35.6444,-111.296,1335.8,1.26996760758908
"3598",35.6444,-111.2871,1323.2,3.4
"3599",35.9094,-111.3285,1415.2,3.87344173441734
"3600",36.8533,-111.3107,1577.8,2.7
"3601",35.6589,-111.3013,1367.8,3.01550387596898
"3602",35.6375,-111.2771,1311.3,1.33511705685619
"3603",36.8694,-111.6202,1114.2,0.725000000000018
"3604",35.6536,-111.2776,1329.7,2.83009354323523
"3605",36.6814,-111.7704,1394.3,3.24070091596974
"3606",36.0172,-111.9768,1544.1,3.16765722183831
"3607",35.7222,-111.3288,1301.7,4.72127226463104
"3608",35.7736,-111.0376,1658.5,2.69452133794694
"3609",35.8397,-111.3507,1268.2,0.6
"3610",35.7633,-111.3251,1279.5,6.26636466591156
"3611",35.72,-111.3054,1287.1,4.25636279500231
"3612",35.8069,-111.3632,1292.5,2.60127766370067
"3613",35.7811,-111.3576,1341.4,5.19292987236486
"3614",35.8989,-111.4215,1303.4,2.83451546391752
"3615",35.8472,-111.3868,1294.8,2.10669911251074
"3616",35.9042,-111.4021,1279.6,1.88402777777778
"3617",35.8172,-111.3132,1286,4.73012113055182
"3618",35.9236,-111.304,1360.8,0.928858541612985
"3619",35.7175,-111.2879,1293.9,5.19716939407342
"3620",36.75,-111.7507,1256.6,0.950958286358526
"3621",35.9392,-111.3965,1294.2,5.12348830142811
"3622",35.6528,-111.3021,1337.8,8.29082098061562
"3623",35.85,-111.3576,1269.8,5.50912089488027
"3624",35.9097,-111.4021,1279.3,1.88657407407408
"3625",36.913,-111.6304,1052.7,1.95926966292148
"3626",35.9542,-111.4138,1312.4,6.34172261653558
"3627",35.8519,-111.4026,1317.7,3.29837962962961
"3628",35.7169,-111.3551,1357.5,5.41151736745889
"3629",35.3981,-111.5452,2254.9,2.53440366972478
"3630",36.7819,-111.7035,1183.2,3.15659574468085
"3631",36.8667,-111.6518,1612.1,1.2
"3632",35.8403,-111.3493,1269.8,5.35538181818182
"3633",35.8819,-111.384,1274.7,5.92734646581699
"3634",35.8794,-111.3951,1281.5,3.46571428571422
"3635",35.9333,-111.441,1369.3,2.91989604389261
"3637",35.7972,-111.4174,1355.7,1.93851508120645
"3638",35.7344,-111.2963,1289.6,3.77725215029425
"3639",35.7403,-111.3007,1296.3,2.63430616740088
"3640",35.6522,-111.2788,1329.4,2.41459434612733
"3641",36.8953,-111.6166,997.7,2.8
"3642",36.9075,-111.6271,1033.3,2.4
"3643",35.6522,-111.3499,1365.7,2.89536423841061
"3644",35.7392,-111.2968,1287.7,2.6735753676471
"3645",36.8042,-111.7243,1486.7,1.10759493670885
"3646",36.8819,-111.5938,1267,0.466221706326192
"3647",36.7903,-111.7118,1239.6,1.20418702023727
"3648",36.7361,-111.7841,1488.7,1.2
"3649",36.1492,-111.1368,1578,0.619894982497059
"3650",35.75,-111.4035,1352.5,2.58847222222221
"3651",35.7931,-111.4576,1379.6,1.53661726242372
"3652",36.9514,-111.396,1151.8,3.1
"3653",35.9936,-111.3771,1371,4.04491854150504
"3654",36.868,-111.5965,973.9,2.9
"3655",36.6847,-111.8771,1494.7,0.488708220415525
"3656",35.7242,-111.3065,1300.4,3.30512820512822
"3657",35.8903,-111.3663,1293.3,5.40473684210529
"3658",35.8697,-111.3771,1264.5,4.65947976878612
"3737",36.95,-110.234,1667.3,1.4
"3738",36.8889,-110.4174,1961.3,1.3
"3740",35.4028,-110.0562,1921.6,0.1
"3741",36.7422,-110.0582,1642.3,2.38820445609438
"3742",36.9028,-110.291,1595.4,2.74568372803666
"3743",36.8625,-110.0757,1832.6,3.1
"3746",36.9944,-110.4396,1593.8,1.2
"3748",36.9917,-110.291,1635.5,1.7
"3749",36.9917,-110.2076,1724.4,1.3
"3751",35.4736,-110.0668,1784.2,2.52147978642258
"3752",36.8944,-110.0423,1925,0.713495575221121
"3753",35.8167,-110.209,1871.6,1.77444880292168
"3756",36.9639,-110.1118,1981.4,3.3
"3757",36.9514,-110.2321,1701.3,1.03363844393592
"3758",36.9603,-110.2729,1598.5,1.6
"3759",35.5417,-110.9229,1490.9,3.91339850488786
"3760",35.507,-110.0862,1840.7,5.36004609260423
"3761",36.9028,-110.2507,1598.3,0.6
"3762",35.0897,-110.6882,1469.9,3.78920293951382
"3763",35.0189,-110.6007,1498,1.7
"3765",35.0192,-110.1904,1606,3
"3766",36.9611,-110.3104,1542,1.9
"3767",35.3511,-110.1326,1825.9,2.08211416490491
"3768",36.9472,-110.2924,1555,2.1
"3769",36.9625,-110.4368,1653.8,3.4
"3773",36.9625,-110.3632,1625.1,2.08317647058822
"3774",36.9486,-110.2554,1611.1,2.3
"3775",36.875,-110.2715,1607.1,2.53435863874345
"3776",35.5072,-109.9187,1788.9,NA
"3777",35.0767,-110.6979,1473.5,2.2
"3780",36.9625,-110.2187,1589.3,1.3
"3781",35.0189,-109.8887,1620.1,0.3
"3782",35.1195,-110.509,1622.2,4.90045610034205
"3783",35.5111,-110.0479,1812.2,2.08683171869393
"3801",35.1967,-108.1503,2451.9,0.67956600361663
"3859",35.6222,-108.5951,2257.7,1.83974385891245
"3867",35.5228,-108.139,2209.4,0.257337742868958
"3872",35.55,-108.6923,2105,2.12879447146149
"3874",35.6764,-108.1501,2132.7,2.41062355658199
"3878",35.4295,-108.0398,2148,2.21217257318952
"3879",35.3406,-108.0565,2178.5,1.8
"3880",35.4261,-108.0542,2112.1,1.67473536538707
"3881",35.4472,-108.1834,2265.7,0.902970297029689
"3882",35.4364,-108.1773,2299.6,3.20166328208104
"3883",35.4403,-108.1959,2256.7,1.7842105263159
"3884",35.4459,-108.1934,2277.5,1.71260669730795
"3885",35.437,-108.1981,2242.7,1.47269
"3886",35.4259,-108.0081,2133.8,3.89734687192925
"3887",35.4311,-108.0287,2131,2.02486930545186
"3888",35.4056,-108.6479,2221.3,1.8
"3891",35.5539,-108.7176,2077.2,6.67765600141418
"3897",35.4167,-108.0009,2216.9,2.48291605301914
"3898",35.4167,-108.0009,2216.9,2.48291605301914
"3904",35.4167,-108.0009,2216.9,2.48291605301914
"3914",35.6284,-108.5526,2095.4,3.37064099759352
"3917",35.4281,-108.0431,2093.6,1.2
"3919",35.5911,-108.7098,2235.1,4.67164179104468
"3921",35.6775,-108.5273,2219.6,3.02010994044893
"3923",35.4859,-108.0256,2155.7,3.20455685618728
"3936",35.487,-108.6445,2104.2,1.9
"3940",35.487,-108.6445,2104.2,1.9
"3944",35.4906,-108.0167,2145.8,2.25094596897903
"3945",35.7395,-108.8443,1999.7,2.44470911589556
"3948",35.8347,-108.0659,1929.9,1.02630558428128
"3950",35.5736,-108.5212,2239.7,1.29584810126583
"3951",35.4156,-108.3301,2230.6,2.11178954205911
"3955",35.6595,-108.5251,2177,1.35922208281054
"3956",35.5592,-108.5204,2319.4,1.35034802784221
"3958",35.5592,-108.5204,2319.4,1.35034802784221
"3959",35.5597,-108.5381,2313.9,2
"3960",35.5559,-108.5262,2350.4,1.33279282245453
"3961",35.472,-108.0087,2170.4,3.88859749144814
"3962",35.6289,-108.5348,2109.1,2.61967498549042
"3965",35.5361,-108.1606,2244,0.6
"3966",35.5289,-108.1626,2244.1,1.89100773091008
"3968",35.6225,-108.6134,2120.5,5.29347408829173
"3969",35.6156,-108.5451,2066,2.79781970649895
"3970",35.6228,-108.5429,2080.3,1.66102878138396
"3971",35.617,-108.5606,2062,1.44166026133743
"3972",35.6145,-108.5784,2062.7,2.63811056418023
"3973",35.6209,-108.5781,2081.1,2.3
"3975",35.6025,-108.5567,2075,2.88042126379137
"3977",35.4267,-108.0148,2114,3.49121188829107
"3978",35.5167,-108.2203,2323.7,0.988006134969325
"3979",35.5206,-108.2262,2283.3,2.97146171693737
"3980",35.6025,-108.519,2195,2.56961618018845
"3982",35.5203,-108.0717,2165.4,5.27826747720364
"3983",35.6061,-108.5873,2055.8,0.602298850574703
"3984",35.502,-108.1667,2273.3,1.8
"3986",35.4136,-108.0151,2153.5,NA
"3988",35.7497,-108.0478,2002.8,2.43590704647677
"3991",35.5709,-108.6062,2122,2.1662038955657
"3995",35.4622,-108.0915,2259.4,1.93021978021979
"3996",35.4597,-108.094,2267.1,2.6
"3997",35.46,-108.089,2337,2.28862413528055
"4000",35.4123,-108.0156,2177.7,2.01135659436886
"4004",35.6509,-108.5065,2126.9,2.2116504854369
"4009",35.5775,-108.1248,2366.5,1.76220472440944
"4010",35.4575,-108.0962,2250.1,2.4
"4011",35.4439,-108.0223,2219.8,3.07742669362992
"4012",35.4867,-108.6692,2073.2,4.37918215613379
"4018",35.4781,-108.0353,2157.9,2.27705540096128
"4029",35.5561,-108.4995,2306.8,1.67016728624535
"4030",35.3409,-108.0262,2130.2,1.8
"4031",35.4134,-108.0078,2261.4,1.3175934366454
"4032",35.1242,-108.6754,2016.2,2.8
"4033",35.3323,-108.524,2343.9,0.5
"4034",35.617,-108.1148,2141.1,1.7
"4035",35.5331,-108.582,2068.6,2.6
"4043",36.6997,-108.9051,1646.3,2.59966480446931
"4044",36.3797,-109.0129,2405.5,4.03868005738879
"4045",36.5831,-109.0334,1837.9,2.18844270323212
"4046",36.5833,-109.0507,1801.1,2.38278775079198
"4047",36.6833,-109.0507,1681.1,2.5587821189722
"4048",36.6831,-109.042,1689.7,2.37054794520545
"4049",36.7847,-108.6831,1493.8,2.4247889485802
"4050",36.7847,-108.6831,1493.8,2.4247889485802
"4051",36.775,-108.7006,1507.1,3
"4052",36.3914,-109.0159,2148.5,5.20636833046467
"4053",36.7972,-109.0168,1736.3,2.17736720554275
"4054",36.8244,-109.0384,1778.1,2.04874141876429
"4055",36.3647,-109.039,2659.8,3.35505720823798
"4056",36.7064,-108.922,1631.2,2.5005359056806
"4057",36.3733,-109.0165,2430.8,2.15895465026902
"4058",36.7519,-109.0068,1700.9,3.0623784592371
"4059",36.4006,-109.0157,2260.5,2.90499428135725
"4060",36.6989,-109.0115,1700.4,3.14932393829747
"4061",36.4094,-109.0157,2196.4,2.8546702249333
"4062",36.7903,-109.0304,1794.5,2.28253877082137
"4063",36.4006,-109.0157,2260.5,2.90499428135725
"4064",36.3914,-109.0159,2148.5,5.20636833046467
"4065",36.5619,-109.014,1905.5,3.75526182003052
"4066",36.8058,-109.0054,1673.8,1.99511510387423
"4067",36.7342,-109.0295,1724.2,2.55750577367202
"4068",36.4097,-109.0268,2282.4,2.18079965326688
"4069",36.4094,-109.0157,2196.4,2.8546702249333
"4071",36.6981,-109.0193,1663.1,2.45494880546077
"4072",36.4547,-109.0257,2415.5,3.97478583666476
"4073",36.7253,-109.0298,1666,3.3
"4074",36.515,-108.7229,1677.1,1.62624048003693
"4075",36.7083,-109.034,1699.7,1.88956916099773
"4076",36.7739,-108.9068,1629.3,2.10983687592686
"4077",36.5056,-109.0257,2144.4,3.96025128498001
"4078",36.8153,-109.0162,1671.2,2.1
"4079",36.5056,-109.0257,2144.4,3.96025128498001
"4080",36.7519,-109.0068,1700.9,3.0623784592371
"4081",36.7158,-109.0087,1653.7,2.1630303030303
"4082",36.7061,-109.0034,1683.1,2.90907550367163
"4083",36.5367,-108.6645,1639.1,1.31964285714285
"4084",36.485,-108.6856,1673.3,1.24120381129447
"4086",36.4828,-108.6873,1678.7,3.10092646207297
"4087",36.4833,-108.6865,1678.3,1.95085583200988
"4088",36.8336,-109.027,1736.8,2.47638036809811
"4089",36.7339,-109.0073,1787,2.85423556346985
"4090",36.77,-109.0176,1704.9,2.21926182237609
"4091",36.8244,-109.0384,1778.1,2.04874141876429
"4092",36.8422,-109.0157,1695,2.90470003821167
"4097",37.0073,-110.3453,1549.5,0.7
"4098",37.0303,-110.2679,1742.4,1.7
"4099",37.0027,-110.2875,1620,1.6
"4100",36.9929,-110.2886,1640.2,0.6
"4101",36.9706,-110.2889,1585.3,2.30385542168672
"4102",36.9468,-110.2934,1551.5,2.3
"4103",36.9439,-110.2814,1573.1,3.8
"4104",36.9527,-110.2461,1635.2,8.4
"4105",36.929,-110.2578,1587.6,1.73040162684291
"4106",36.9131,-110.2545,1593,2
"4107",36.9002,-110.2365,1613.4,2.1
"4108",36.9849,-110.2208,1594,1.2
"4109",37.0105,-110.2323,1775.6,2.5
"4110",37.013,-110.2222,1743.3,3.4
"4111",37.0144,-110.2126,1641.3,1.4
"4112",36.9506,-110.0971,1691.7,3.1
"4113",36.8781,-110.054,1795.6,2.65902140672779
"4114",36.9471,-110.3917,1660.5,2.9
"4115",36.9191,-109.8939,1576.3,2.6
"4116",36.9323,-109.89,1583.9,1.6
"4117",36.9901,-109.8498,1475.3,1.7
"4118",37.0007,-109.8437,1495.4,2.4
"4119",36.9503,-109.7776,1606.3,2.9
"4120",36.9532,-110.5203,1616.7,2.42836185819071
"4121",36.7276,-109.0381,1750.4,6.54691358024681
"4122",36.717,-109.0336,1739.1,4.67759503909409
"4123",36.7004,-109.0388,1689.7,1.9
"4124",36.6966,-109.0382,1720.2,2.70813214739518
"4125",36.7195,-109.0359,1727.2,2.8
"4126",36.7186,-109.0256,1716.3,1.5
"4127",36.7167,-109.0256,1718.4,1.5
"4128",36.7157,-109.0369,1747,10.9741567912488
"4129",36.7089,-109.0207,1691.5,3.2
"4130",36.722,-109.038,1754.1,2.4
"4131",36.7087,-109.0335,1696.6,8.65541619156205
"4132",36.6878,-109.0387,1672.9,1.77938301771534
"4133",36.6832,-109.0382,1666,2.75240152477764
"4134",36.7427,-109.0423,1804.6,2.25816944024205
"4135",36.7413,-109.0417,1776.4,2.03687861271676
"4136",36.7408,-109.0412,1773,2.22752808988764
"4137",36.7403,-109.0408,1770.1,1.9
"4138",36.7395,-109.0404,1761.5,2.44642032332563
"4139",36.7168,-109.0354,1739.2,8.08897058823532
"4140",36.7006,-109.0119,1687.9,2.47802056555271
"4141",36.742,-109.0413,1792.5,2.51341463414634
"4142",36.7312,-109.0341,1716,2.3
"4143",36.7308,-109.0334,1704,1.9473392099249
"4144",36.7313,-109.0324,1681.9,2.66476449275361
"4145",36.7307,-109.0313,1705.6,3.4785768357305
"4146",36.7301,-109.0313,1701.3,3.48402725208174
"4147",36.7296,-109.0311,1702.6,4.88556321839085
"4148",36.7194,-109.0224,1709.5,1.7
"4149",36.7183,-109.0208,1701.4,2.10143112701251
"4150",36.7179,-109.0203,1698.2,3.1
"4151",36.7137,-109.0366,1727.4,10.6457410367664
"4152",36.7114,-109.0372,1722.9,2.34563297350344
"4153",36.7124,-109.0264,1718.4,1.41441578148711
"4154",36.7084,-109.0265,1695.2,4.25266821345702
"4155",36.7074,-109.0339,1709.7,2.08161611965101
"4156",36.707,-109.035,1709.8,8.23606681852699
"4157",36.6998,-109.0278,1681.2,3.07110266159697
"4158",36.6988,-109.0271,1657.1,1.9
"4159",36.701,-109.0249,1679,2.23557582668187
"4160",36.7006,-109.018,1644.3,2.47822007392666
"4161",36.7026,-109.0162,1646.2,2.1
"4162",36.6958,-109.0102,1714.3,2.95175644028101
"4163",36.695,-109.0106,1712.7,2.12579545454544
"4164",36.6991,-109.0235,1650.1,1.89205776173286
"4165",36.7468,-109.0362,1764.2,8.2
"4166",36.7002,-109.0113,1694.8,3.29878787878788
"4167",36.6798,-109.0209,1752.7,1.57824267782427
"4168",36.7195,-109.0234,1710.5,2.5
"4169",36.7442,-109.0423,1823.8,2.26157337367625
"4170",36.743,-109.0417,1826.8,2.04277456647399
"4171",36.7426,-109.0413,1810.6,2.51295731707317
"4172",36.7422,-109.0408,1798.9,1.9
"4173",36.7416,-109.0404,1785.4,2.44157043879908
"4174",36.7235,-109.0354,1686.8,7.90422794117643
"4175",36.7106,-109.0119,1644.6,2.42017994858614
"4176",36.7475,-109.0362,1763.2,8.2
"4177",36.7103,-109.0114,1662.9,2.5
"4178",36.694,-109.0209,1655.1,1.53503233168504
"4179",36.8901,-108.4633,1704.5,2.32664624808575
"4180",36.8441,-108.4603,1633.7,3.01936579841451
"4181",36.9894,-108.1919,1811,3.2
"4184",36.2388,-108.7585,1788.3,4.85295315682281
"4200",35.5382,-108.08,2277.6,2.74788972920224
"4201",35.577,-108.1329,2455.7,1.04723896400065
"4202",35.4871,-108.2919,2500,1.79295398128699
"4203",35.6432,-108.2955,2280.7,1.1
"4204",35.6986,-108.3292,2243.5,1.34661654135339
"4205",35.7536,-108.2975,2036.3,2.07320410490308
"4206",35.599,-108.4279,2158.5,2.05618028681994
"4207",35.4971,-108.8841,1940.3,1.23407329842932
"4208",35.4128,-108.5706,2395.1,1.3
"4209",35.2058,-108.1454,2425.3,1.8
"4210",35.2107,-108.1672,2377.2,1.41322380514706
"4211",35.1837,-108.1358,2524.2,3.4
"4212",35.1919,-108.3857,2515.2,0.3
"4213",35.1117,-108.4147,2195.8,0.0283156127588381
"4279",36.7354,-108.1245,1703.2,1.7
"4297",36.8537,-108.3815,1645.2,3.11875957120981
"4314",35.9202,-111.4241,1295.4,2.99171038824764
"4315",35.9141,-111.4016,1281.3,1.89106730115568
"4316",35.878,-111.383,1273.1,1.95004840271055
"4317",35.8739,-111.3766,1264.9,2.74025265575653
"4318",35.8752,-111.3736,1265.8,3.59259597806215
"4319",35.8722,-111.3728,1265.3,2.7
"4320",35.8525,-111.3973,1316,5.92228293867626
"4321",35.8116,-111.375,1312.9,4.14987341772154
"4322",35.8208,-111.3334,1273.2,2.46166019707375
"4323",35.7372,-111.3654,1328.8,3.35480043149947
"4324",35.7564,-111.3273,1293.8,2.64674091057976
"4325",35.7469,-111.3246,1281.9,6.84843373493983
"4326",35.7384,-111.3241,1288.2,9.94339622641521
"4327",35.7293,-111.3257,1288.8,5.18433413022079
"4328",35.7249,-111.3252,1297.2,6.8305691056911
"4329",35.7365,-111.3057,1286.5,2.69225806451613
"4330",35.7386,-111.2998,1293.2,1.66005247622172
"4331",35.7367,-111.2976,1289.9,2.61250000000003
"4332",35.7323,-111.2954,1293.6,4.37829787234042
"4333",35.734,-111.2999,1287.4,0.974332472006885
"4334",35.7221,-111.3098,1281.6,3.5
"4335",35.7139,-111.2937,1291,3.84062078272604
"4336",35.7155,-111.3342,1317.6,1.79488849096533
"4337",35.3528,-110.1313,1824.5,1.97861129349967
"4338",35.4703,-110.0344,1811.3,3.42379689276241
"4339",35.4723,-110.0416,1839,3.71943573667707
"4340",35.4725,-110.0903,1806.8,0
"4341",35.5415,-110.234,1921.3,2.39861623616238
"4342",35.5502,-110.2909,1883.5,2.64985074626869
"4343",35.587,-110.2893,1858.1,5.79751766278406
"4344",35.5054,-110.2861,1945.2,0.893955623565426
"4345",35.5196,-110.2805,1971.5,0.91308022922634
"4346",35.5347,-110.2886,1890.6,0.6
"4347",35.5363,-110.3127,1921.7,2.81888111888112
"4348",35.5338,-110.3239,1945.1,1.73905637420576
"4349",35.5297,-110.3627,1860.7,3.50980316480124
"4350",35.4849,-110.3307,1877.5,2.94884329986906
"4351",35.4599,-110.3788,1874.2,2.31519784172662
"4352",35.4009,-110.3587,1831.7,1.98526556253569
"4353",35.5983,-110.0456,1912.1,1.24374482187241
"4354",35.5755,-110.1105,1863,3.61359649122807
"4355",35.5153,-110.1316,1905.6,4.6
"4356",35.5104,-110.1015,1883.9,2.18417878680384
"4357",35.4975,-110.0926,1841.9,1.60478379543171
"4358",35.4712,-110.0428,1831.5,3.01991157966334
"4359",35.5381,-110.0383,1847.6,2.52326789838337
"4360",35.533,-109.9429,1833.6,6.65343646969311
"4361",35.5337,-109.9135,1836.6,5.35918445121952
"4362",35.8778,-109.4675,1920.1,3.24070796460177
"4363",35.7887,-109.0604,2118.1,3.096757722747
"4364",36.7938,-111.7177,1330.4,1.4276283618582
"4365",36.7456,-111.9841,1697.1,0.859882005899687
"4366",36.6879,-111.9644,1518.7,1.88509895227008
"4367",36.6246,-111.451,1829.3,1.89011304847672
"4368",36.3329,-111.9703,2265.3,1.6604651162791
"4369",36.2647,-111.4009,1649.3,11.894117647059
"4370",36.1661,-111.4073,1494,5.46005946481663
"4371",36.0989,-111.4024,1388.9,5.59605462822458
"4372",36.1016,-111.4237,1465,2.28035230352304
"4373",36.9469,-110.239,1642.7,1.6
"4374",36.9423,-110.2349,1642.8,2.7
"4375",36.8994,-110.2539,1598.5,0.6
"4376",36.8754,-110.2498,1626.8,0.3
"4377",36.9932,-110.2943,1624.4,3
"4378",36.9645,-110.3074,1555.4,2.28595238095244
"4379",36.9634,-110.29,1573.8,1.87899761336517
"4380",36.9498,-110.3001,1542.6,0.8
"4381",36.9595,-110.3126,1535.9,0.6
"4382",36.9382,-110.2985,1553.4,1.9
"4383",36.9381,-110.2878,1555.7,1.9
"4384",36.9143,-110.3057,1580.4,2.7
"4385",36.8815,-110.4212,1975.2,0.194891774891772
"4386",36.9423,-110.518,1688.8,2.6
"4387",36.3814,-109.847,2189.1,4.8205251093978
"4388",36.3103,-109.8345,2211.9,4.10840909090907
"4389",36.2405,-109.9464,2212.2,1.75075909481523
"4390",36.2406,-109.9067,2063.1,4.7
"4391",36.2314,-109.9063,2056.1,2.94576659038902
"4392",36.2277,-109.8857,2035.2,2.3801684532925
"4393",36.2141,-109.8766,2154.2,1.57742874973996
"4394",36.2245,-109.8432,2206.2,1.96404597701147
"4395",36.2051,-109.4997,1841.7,2.5694072657744
"4396",36.6878,-108.836,2118.3,3.35923448532144
"4397",36.9956,-108.5958,2082.4,2.1
"4398",36.9776,-108.5934,1725,2.8
"4399",36.9767,-108.5209,1720.4,4.5
"4400",36.9516,-108.491,2019.3,2.8
"4401",36.9538,-108.4687,2006,2
"4402",36.9278,-108.5132,1717.3,3
"4403",36.9045,-108.512,1719.1,0.5
"4404",36.8999,-108.4882,1737.2,1.3
"4405",36.8614,-108.4643,1707.5,3.1340909090909
"4406",36.8391,-108.5151,1752.4,1.75607599082869
"4407",36.819,-108.5139,1656.1,2.8
"4408",36.7788,-108.5137,1606.3,2.13462886755068
"4409",36.7375,-108.5806,1546.8,2.46665135507579
"4410",36.6353,-108.6051,1657.9,1.46758199847445
"4411",36.6379,-108.5287,1551.5,2.71152993348114
"4412",36.9176,-108.2511,1794.8,3.3
"4415",36.6885,-108.8359,2105.6,3.74371794871795
"4416",36.3304,-108.8104,1775,3.6
"4417",36.2688,-108.7613,1751.2,2.94711316397231
"4418",36.2409,-108.7898,1784.5,3.23489795918364
"4426",35.9507,-111.4119,1308.6,3.71402085747392
"4427",35.9451,-111.409,1312.4,0.793741677762971
"4428",35.939,-111.4,1293.2,4.23393578158046
"4429",35.9293,-111.4399,1365.6,0.454328358208965
"4430",35.9289,-111.4453,1378.7,4.87509413663263
"4431",35.9268,-111.4483,1390.3,2.02465753424655
"4432",35.9243,-111.4446,1380.3,11.1416847276406
"4433",35.9215,-111.4373,1366.9,2.84619837900424
"4434",35.9197,-111.4325,1334.8,7.1052787162162
"4435",35.9234,-111.4129,1292.4,4.48828961175237
"4436",35.9043,-111.3971,1281,4.15505617977529
"4437",35.9011,-111.3991,1277.6,7.38829398071163
"4438",35.8915,-111.4169,1295,2.39581826401446
"4439",35.8741,-111.4256,1325,2.93723284589426
"4440",35.8776,-111.3904,1291.1,1.76310344827586
"4441",35.8778,-111.3871,1292.4,1.72642857142857
"4442",35.8754,-111.3919,1282.1,8.95454545454541
"4443",35.8715,-111.3893,1280.8,3.59162817551961
"4444",35.8706,-111.3772,1265.4,3.60471681571105
"4445",35.8661,-111.369,1268.2,4.29306597671412
"4446",35.8602,-111.3702,1264.6,4.17737914259653
"4447",35.8576,-111.3682,1266.4,1.51108161911082
"4448",35.8334,-111.4442,1382.3,2.51151390788874
"4449",35.8381,-111.3525,1267.5,4.85143835616436
"4450",35.8182,-111.3676,1293,4.105756731662
"4451",35.8167,-111.3794,1322.8,3.55529715762273
"4452",35.8167,-111.3753,1317.1,3.06091254752851
"4453",35.7929,-111.4107,1345.6,3.69626350885263
"4454",35.7942,-111.3601,1326.7,3.03814517450434
"4455",35.789,-111.3612,1317.7,4.94404388714737
"4456",35.7787,-111.3448,1306.4,0.2
"4457",35.7767,-111.3507,1316.6,0.6
"4458",35.7685,-111.2804,1301.7,1.33675417661101
"4459",35.7593,-111.3083,1292.1,2.93151750972768
"4460",35.7619,-111.3596,1329,4.67512015832624
"4461",35.7649,-111.3663,1333.3,4.38930041152262
"4462",35.7691,-111.3675,1340.9,1.11200733272228
"4463",35.7578,-111.3792,1328.6,4.61837209302325
"4464",35.7509,-111.3894,1337.3,7.1987659963437
"4465",35.7528,-111.328,1293.4,3.77982871309445
"4466",35.7203,-111.3062,1299.8,3.44974182444062
"4467",35.7152,-111.3081,1284,1.47608530083779
"4468",35.714,-111.3003,1287,2.75000673763643
"4469",35.7068,-111.3151,1310.9,2.22621167161228
"4470",35.7157,-111.3531,1367.3,4.73699371886506
"4471",35.7129,-111.3696,1396.7,1.84913818288048
"4472",35.6779,-111.3074,1311.3,4.19301187980435
"4473",35.671,-111.3075,1315,3.22784915043514
"4474",35.6689,-111.3023,1331.2,3.29960638077481
"4475",35.6485,-111.3476,1342.9,0.9
"4476",35.6544,-111.2853,1340.4,2.21206657420249
"4477",35.6505,-111.2794,1325.7,2.82182091798344
"4478",35.6463,-111.2782,1318.4,2.48753695701617
"4479",35.6402,-111.2759,1312.9,1.90102110279103
"4480",35.6413,-111.2873,1319,3.96924654023577
"4481",35.643,-111.2946,1338.8,2.33284916201117
"4482",35.6408,-111.2976,1333.8,2.84736842105264
"4483",35.6459,-111.2991,1329.8,3.72715678919729
"4484",35.6495,-111.3024,1331.3,2.78909194745858
"4485",35.555,-111.2089,1381.1,0.979026057240515
"4486",35.5312,-111.1849,1432.1,3.07119645494833
"4487",35.53,-111.1732,1425.9,3.37539237668162
"4488",35.5323,-111.7551,2048.4,0.351795263559964
"4489",35.0881,-110.6852,1470.2,1.81820917983448
"4490",35.017,-110.5955,1494.5,1.9
"4491",35.0937,-110.5568,1606.1,2.3
"4492",35.1187,-110.5059,1615.6,4.1
"4493",35.0332,-110.3449,1589.7,4.21861575178998
"4494",35.0059,-110.3256,1611.2,1.6
"4495",35.016,-110.1893,1606.1,1.8
"4496",35.027,-110.1723,1589.6,2.7
"4497",35.307,-110.3399,1796.4,2.37407548608464
"4498",35.2994,-110.2744,1801.5,1.9
"4499",35.3165,-110.2264,1762.2,1.67045530076437
"4500",35.3295,-110.0923,1690.8,1.6
"4501",35.3414,-110.1179,1881,4.24258654474202
"4502",35.3629,-110.1097,1735.7,3.2
"4503",35.3713,-110.1115,1747.4,2.27751479289938
"4504",35.3832,-110.1172,1814.2,6
"4505",35.3705,-110.1377,1780.8,1.63687782805426
"4506",35.3893,-110.1349,1806.4,1.84050843925817
"4507",35.4059,-110.1305,1865.6,4.88497085761866
"4508",35.3972,-110.1983,1866.4,2.03403216542217
"4509",35.3911,-110.1722,1849.9,3
"4510",35.4225,-110.1454,1897.7,1.8
"4511",35.4237,-110.1197,1891.8,2.64706896551725
"4512",35.3786,-110.0563,1734.3,2.41108225108224
"4513",35.3949,-110.056,1747.2,3.4304740406321
"4514",35.4236,-110.0569,1771.4,3.96900698215675
"4515",35.4564,-110.0236,1880.6,1.65691402419092
"4516",35.5404,-110.2616,1860.1,1.665306122449
"4517",35.5328,-110.331,1979.8,0.7
"4518",35.5138,-110.3528,1864.2,1.62449446776039
"4519",35.5005,-110.3461,1867.3,2.43770240979218
"4520",35.4919,-110.3307,1874.3,2.9534264513313
"4521",35.454,-110.3619,1917.8,3.57443217336944
"4522",35.4686,-110.3921,1829.3,2.3
"4523",35.6235,-110.1417,1880.1,1.96812257837267
"4524",35.6267,-110.1226,1890.7,0.779664503877194
"4525",35.6134,-110.1196,1865.6,3.6610518292683
"4526",35.5681,-110.0947,1915.7,3.97742975587291
"4527",35.5379,-110.1181,1920.9,5.36954627018711
"4528",35.4922,-110.1417,1929,2.24561465304685
"4529",35.4905,-110.1139,1842.6,1.1
"4530",35.5005,-110.112,1877,4.99592096876991
"4531",35.5123,-110.0742,1929.9,1.78994082840237
"4532",35.4733,-110.0913,1809.4,4.56686930091184
"4533",35.4557,-110.0238,1895,1.95856065002901
"4534",35.5042,-110.008,1915.4,1.1
"4535",35.0197,-109.9094,1645.5,0.8
"4536",35.1066,-109.874,1715.6,0
"4537",35.318,-109.9267,1718.2,2.46514976958523
"4538",35.4023,-109.9723,1830,0.8
"4539",35.4277,-109.978,1858,2.315244596132
"4540",35.4765,-109.9972,1838.9,3.41558500914074
"4541",35.5277,-109.9755,1798.4,4.68390804597706
"4542",35.5277,-109.9667,1816.2,3.6062988505747
"4543",35.5437,-109.9619,1843.6,3.56009739329705
"4544",35.5419,-109.9226,1828.7,3.66355332267641
"4545",35.558,-109.8423,1865.1,3.84045845272205
"4546",35.628,-109.9752,1891.3,2.77750573833206
"4547",35.9919,-109.3606,2157.1,2.51390416339359
"4548",35.9629,-109.3729,2290,2.09501915708809
"4549",35.9484,-109.3616,2171.8,1.9812685560054
"4550",35.8775,-109.4494,2015,2.534650455927
"4551",35.9211,-109.3131,2238.9,3.42544061302682
"4552",35.9154,-109.3032,2222.4,1.64187643020595
"4553",35.7878,-109.3652,2156.7,1.92420589360889
"4554",36.9153,-111.6272,1110.6,0.752789534436313
"4555",36.8931,-111.6272,1181.8,0.812581762216242
"4556",36.8941,-111.6144,976.7,6.5950450450449
"4557",36.8965,-111.592,1472.5,2.15101404056162
"4558",36.8731,-111.6157,1000.8,4.74896755162245
"4559",36.8813,-111.5925,1269.2,1.27758112094396
"4560",36.8086,-111.7198,1453.1,1.24370786516855
"4561",36.8033,-111.7155,1380.3,2.6
"4562",36.8092,-111.701,1364.6,0.607836153161192
"4563",36.7991,-111.5958,1334.5,0.9
"4564",36.7241,-111.7948,1607.7,1.47307802229209
"4565",36.7508,-111.7549,1317.4,1.3
"4566",36.7512,-111.7328,1256,4.2438959306205
"4567",36.7623,-111.6095,1291.5,3.83774834437086
"4568",36.7544,-111.6116,1408.5,2.5
"4569",36.7639,-111.5391,1689.6,1.09834710743801
"4570",36.6832,-111.8755,1495.9,0.387617421007691
"4571",36.6768,-111.6323,1813.3,2
"4572",36.679,-111.6229,1878.1,0.3
"4573",36.016,-111.3796,1340.7,3.09877347642775
"4574",36.0483,-111.4494,1412.1,4.26584017124507
"4575",36.0722,-111.4082,1396.8,1.22920892494928
"4576",36.1457,-111.4707,1556.5,6.28579766536965
"4577",36.1189,-111.4272,1463.4,1.2305916526525
"4578",36.1197,-111.4091,1456.3,8.95304428044273
"4579",36.1175,-111.4064,1461.2,7.33605720122574
"4580",36.1028,-111.4017,1394.7,0.909598523304104
"4581",36.0207,-111.9853,1251,1.21562562362803
"4582",36.0109,-111.6531,1645.8,4.85684535287313
"4583",36.0088,-111.6391,1648,1.61894302229562
"4584",36,-111.6183,1639.5,4.08113207547168
"4585",36.2472,-110.2251,2024.8,3.30879057742028
"4586",36.7429,-110.0522,1664.6,2.46559527714005
"4587",36.858,-110.0751,1795.7,0.856433408577795
"4588",36.8892,-110.0365,1747.3,1.23377230246389
"4589",36.9679,-110.1216,1801,0.1
"4590",36.8985,-110.2146,1688.2,2.5
"4591",36.9876,-110.2153,1609.9,3.5
"4592",36.9827,-110.2358,1592.2,1
"4593",36.8804,-110.2653,1606.5,2.2
"4594",36.9179,-110.3181,1570.2,2.08597285067856
"4595",36.9694,-110.3861,2014.2,2.7
"4596",36.9594,-110.3973,1976.6,1.3
"4597",36.9916,-110.5089,1722.5,1.7
"4598",36.1339,-111.3587,1410.6,5.33709278813753
"4599",36.9973,-109.8484,1510.9,0.2
"4600",36.9854,-109.8653,1419.1,0.6
"4601",36.9725,-109.8626,1461.3,2.1
"4602",36.9326,-109.8747,1529.2,0.0878627968337661
"4603",36.9267,-109.7857,1587.4,0.5
"4604",36.5208,-109.0605,1969.4,1.91685346616853
"4605",36.4625,-109.9658,1884.8,2.26701078228953
"4606",36.4702,-109.9301,1796.5,3.28135959339263
"4607",36.4329,-109.4473,1751.9,2.02764638346728
"4608",36.3653,-109.8575,2436.1,2.3405415713196
"4609",36.3075,-109.8445,2195.3,3.42158438576349
"4610",36.2982,-109.858,2160.8,2.07931034482758
"4611",36.2835,-109.8772,2193,2.2915606936417
"4612",36.2781,-109.8974,2168.6,2.55579710144927
"4613",36.2546,-109.9355,2128.1,2.34670750382848
"4614",36.2533,-109.916,2169.9,2.30160329821345
"4615",36.2463,-109.9138,2173.2,3.74694348327566
"4616",36.2457,-109.8997,2055,3.00555555555557
"4617",36.2488,-109.8935,2145.1,3.12843406593407
"4618",36.2237,-109.8725,2169.7,1.78990004164931
"4619",36.2194,-109.8865,2066.9,1.53019787783195
"4620",36.2132,-109.8859,2048.9,3.06338672768879
"4621",36.203,-109.8853,2036.6,1.49183147033535
"4622",36.1962,-109.8933,2028,1.77049105094078
"4623",36.1988,-109.8708,2192.9,3.30944087992668
"4624",36.2115,-109.8669,2169.8,1.79701834862385
"4625",36.2176,-109.8663,2204.5,3.89531795009389
"4626",36.1829,-109.4688,1888,2.9
"4627",36.1758,-109.4771,1896,2.46321656050955
"4628",36.1773,-109.4361,1961.1,2.21070496083549
"4629",36.9153,-109.841,1690.7,0.5
"4630",36.6667,-109.3295,1930.3,1.85728100113764
"4651",35.3167,-108.0994,2373,1.15256410256408
"4652",35.3223,-108.1264,2353,3.08147138964578
"4653",35.3226,-108.1275,2352.5,2.6
"4654",35.3159,-108.1137,2268.3,1.46011560693642
"4655",35.3196,-108.1342,2366.9,1.6
"4656",35.3189,-108.1337,2375.5,3.43795546558705
"4657",35.3223,-108.1278,2354,2.6
"4658",35.312,-108.1177,2312.9,3.1
"4659",35.3141,-108.0855,2291.2,0.916218678815471
"4660",35.2927,-108.142,2293.9,1.68746835443041
"4661",35.2975,-108.1336,2264.2,0.6
"4662",35.2834,-108.139,2315.9,0.801653575857786
"4663",35.3158,-108.1478,2249.9,2.39479132966677
"4664",35.3113,-108.157,2267.5,1.8
"4665",35.2914,-108.1459,2307.8,0.69777594728171
"4666",35.4057,-108.1466,2127.3,0.607160493827152
"4667",35.382,-108.1466,2148.1,1.01679012345686
"4668",35.3797,-108.1447,2149.7,1.5
"4669",35.3748,-108.1454,2170.5,1.8
"4670",35.377,-108.1445,2160.8,1.27261146496815
"4671",35.3544,-108.1209,2179.6,1.69549024575627
"4672",35.3502,-108.1169,2189.6,0.678533241946551
"4673",35.3457,-108.1143,2178.2,1.25670103092786
"4674",35.3354,-108.1279,2297.7,0.961190655614175
"4675",35.3342,-108.1331,2299.9,1.301264604811
"4676",35.3355,-108.124,2263.1,2.37546583850931
"4677",35.3436,-108.1045,2261.6,2.79914011516315
"4678",35.412,-108.1557,2144.6,2.01391631405736
"4679",35.4127,-108.1559,2145.9,0.956511891279805
"4680",35.4084,-108.1646,2152,1.12088752869166
"4681",35.4169,-108.1828,2178.5,2.78960158236791
"4682",35.4161,-108.1886,2178.9,1.38137024870953
"4683",35.4046,-108.1846,2158.9,1.20973586831695
"4684",35.417,-108.2147,2196.1,1.56901475487863
"4685",35.4164,-108.2169,2194.1,2.40323795180722
"4686",35.4152,-108.215,2192.7,2.6
"4687",35.4021,-108.1745,2150.5,1.12147787251319
"4688",35.3961,-108.1717,2140,2.02019672131147
"4689",35.393,-108.1734,2139.1,0.24375254375255
"4690",35.3934,-108.1709,2136.9,0.512774379273114
"4691",35.3967,-108.178,2143.5,2.2
"4692",35.3957,-108.1799,2143,1.3
"4693",35.3947,-108.1783,2141,1.06306444206337
"4694",35.3922,-108.1784,2143.4,2
"4695",35.3916,-108.1589,2134.4,1.52364813404417
"4696",35.3785,-108.15,2162.9,2.06236641221374
"4697",35.374,-108.1584,2187,1.1935195827071
"4698",35.3745,-108.1592,2184.2,1.5
"4699",35.3798,-108.1548,2164.7,1.56816645918549
"4700",35.3831,-108.1475,2143.8,2.7
"4701",35.3839,-108.1479,2141.4,2.7457812144644
"4702",35.385,-108.1495,2144.6,1.70714911512178
"4703",35.3835,-108.1696,2169.5,1.3
"4704",35.3785,-108.1786,2166,0.166576086956568
"4705",35.3746,-108.1661,2186.6,3.28641780581842
"4706",35.3743,-108.1719,2179.4,2.37839029768467
"4707",35.3608,-108.1911,2214.5,0.975315942028982
"4708",35.3704,-108.1596,2200.4,2.6
"4709",35.3317,-108.1538,2345.6,1.71116231438813
"4710",35.4195,-108.1857,2185.2,2.25657794676806
"4711",35.4265,-108.1827,2201.9,1.13810497614179
"4721",36.6516,-108.0493,1710.6,0.352526973310624
"4735",35.4479,-108.1884,2262.1,2.4
"4736",35.4294,-108.0544,2146.1,0.445836516424749
"4738",35.487,-108.6358,2123.1,3.53995387328721
"4739",35.4817,-108.6316,2189.5,0.963837076513182
"4740",35.5046,-108.6503,2128.3,2.73247458815283
"4748",35.429,-108.0317,2143.7,3.32758229284906
"4749",35.5454,-108.1677,2266.3,2.01822181060431
"4750",35.5723,-108.3033,2208.7,1.97191911484166
"4751",35.5728,-108.7021,2230.2,2.8
"4754",35.4589,-108.0939,2247.2,0.0375320604160733
"4758",35.5901,-108.7101,2215,2.40633434650456
"4761",35.3414,-108.0092,2058.3,1.37250372578241
"4764",35.6222,-108.5527,2076.2,1.25966795477315
"4765",35.845,-108.0501,1926.7,1.24484848484848
"4767",35.6848,-108.1604,2130.6,2.40825970034575
"4768",35.6804,-108.1309,2083.1,1.92049746660525
"4770",35.6681,-108.3085,2222.1,1.56534460338101
"4771",35.7947,-108.118,1962.3,1.77473978167047
"4778",35.4295,-108.0399,2147.8,3.62814136125656
"4780",35.4358,-108.046,2139.3,3.57092981831133
"4781",35.4138,-108.0143,2170.4,3.50436500289072
"4782",35.4593,-108.0876,2325.4,1.95358880778589
"4783",35.4747,-108.0121,2176.7,0.651131369037922
"4789",35.4373,-108.0426,2098.7,3.84667630057804
"4790",35.4592,-108.0879,2313.4,0.850389670815417
"4793",35.4189,-108.0162,2151.7,2.62186216339571
"4801",35.3625,-107.9986,2087,NA
"4804",35.5471,-108.278,2268.2,2.32885336812918
"4805",35.4395,-108.1459,2248.8,0.444501773621412
"4807",35.4624,-108.2375,2565.4,1.19161195009849
"4808",35.4779,-108.2929,2363.2,0.360135900339649
"4813",35.8685,-108.0451,1957.7,3.27488259931463
"4814",35.5653,-108.2947,2233.2,1.19815668202765
"4823",35.6732,-108.3163,2230.6,4.5
"4827",35.568,-108.5483,2231.4,2.04473684210525
"4828",35.4285,-108.0263,2138.4,2.3
"4829",35.3736,-107.9972,2103.4,NA
"4885",35.4293,-108.0351,2146.5,2.89581309275966
"4893",35.6087,-108.6021,2092.7,3.2
"4915",35.8356,-108.0553,1933.5,0.806146341463404
"4931",35.4302,-108.0353,2140.5,2.03470781684795
"4939",35.4269,-108.0569,2190.4,3.17571900047154
"4940",35.4611,-108.0125,2191.3,NA
"4941",35.4904,-108.0162,2146.4,2.63424286606957
"4944",35.4983,-108.1627,2301.6,1.07035313441008
"4945",35.7454,-108.3017,2079,2.7
"4949",35.4306,-108.1618,2309.8,0.917928452579039
"4950",35.5575,-108.5303,2315.2,1.4258620689655
"4951",35.0364,-108.6413,2155.1,0.5
"4961",35.3648,-107.9983,2088.7,2.2
"4970",35.4431,-108.0208,2172,1.83455510616785
"4971",35.4327,-108.0412,2096.9,2.21434768101433
"4972",35.2979,-108.0034,2031.6,2.1814176043748
"4973",35.4697,-108.0324,2190.6,2.30014756517462
"4974",35.4227,-108.0186,2133.1,3.43631059245962
"4975",35.4258,-108.0367,2103.5,3.02838396111786
"4976",35.4623,-108.0241,2228.3,0.638272082527396
"4977",35.4768,-108.433,2125.1,1.14730195177956
"4979",35.5204,-108.0715,2165.3,0.780441176470603
"4980",35.5151,-108.06,2154.7,1.09490944017562
"4981",35.5511,-108.184,2331.3,0.938393839383937
"4982",35.5359,-108.1599,2243.9,2.33366738894908
"4983",35.5286,-108.163,2243.6,1.75120091498285
"4984",35.5649,-108.3016,2235.9,2.12033660589059
"4985",35.5331,-108.5203,2113.4,3.9
"4987",35.5737,-108.1268,2395.9,0.657319611470863
"4988",35.6375,-108.2378,2299.3,1.47799954117918
"4989",35.6172,-108.1837,2316.5,0.4
"4990",35.5816,-108.1908,2463.4,3.1
"4991",35.6448,-108.2985,2270.7,1.52120259794678
"4992",35.6217,-108.5444,2075.9,2.56994087354569
"4993",35.6206,-108.5605,2069.4,1.35614947393881
"4994",35.8298,-108.1384,1980.7,1.93634232121925
"4995",35.6229,-108.5799,2113.6,0.911224489795913
"4996",35.6069,-108.5156,2169,1.35431500465983
"4997",35.609,-108.503,2111.8,2.92135765412145
"4998",35.6141,-108.5939,2098.5,2.88792862838915
"4999",35.6139,-108.5939,2097.2,2.88818779904306
"5000",35.5782,-108.6733,2147.8,1.47821552723059
"5002",35.4507,-108.1763,2455.4,0.253169213355958
"5004",35.5561,-108.5398,2342.9,2.3390344827586
"5006",35.4256,-108.0159,2123.1,1.77796920262236
"5012",35.4816,-108.8708,2111.5,2.94865525672372
"5026",35.454,-108.1705,2498.3,1.96533613445378
"5036",35.315,-108.8758,2148.4,1.9
"5077",35.2058,-108.1501,2415.6,1.1
"5116",35.1847,-108.1337,2526.6,3.81148785425102
"5117",35.2078,-108.1693,2420,1.3
"5118",35.1694,-108.3895,2322.8,2.1
"5127",35.1009,-108.3946,2224,2.3
"5132",35.2003,-108.1524,2459.5,3.1
"5134",35.2016,-108.1417,2477.7,2
"5135",35.1755,-108.1263,2566,1.7
"5147",35.8304,-108.0641,1935.1,1.86952512678654
"5211",35.4918,-108.6426,2105.1,2.21066479564988
"5212",35.5783,-108.5951,2138,1.8213100986773
"5213",35.657,-108.2069,2234.5,2.16205826409049
"5216",35.6642,-108.2357,2194.4,1.314375
"5217",35.7061,-108.2916,2061.6,1.8
"5219",35.546,-108.691,2092.3,7.89725856697817
"5220",35.5221,-108.2301,2278.2,3.64469679763798
"5225",35.7175,-108.2268,2047.2,1.86680584551148
"5226",35.7067,-108.2205,2073.6,1.13894927536232
"5227",35.6785,-108.265,2297.8,4.63264109220267
"5228",35.6494,-108.6124,2180.1,3.38250428816464
"5231",35.6665,-108.5027,2153.1,2.04572490706319
"5232",35.6766,-108.5262,2232.2,1.50168738167751
"5233",35.6976,-108.5487,2191.6,3.52945383615083
"5234",35.6584,-108.5085,2160.3,1.57194748358862
"5235",35.4914,-108.2852,2471.7,1.6
"5236",35.6007,-108.4339,2160.7,1.46581839213421
"5237",35.5432,-108.265,2270.8,1
"5238",35.6163,-108.5898,2089.3,1.33977272727272
"5239",35.5906,-108.5839,2083.2,3.11045977011493
"5240",35.5656,-108.5676,2203.2,1.61337579617835
"5241",35.5558,-108.506,2306.3,3.19471635150166
"5242",36.6266,-108.5238,1580.3,2.51619014208032
"5243",36.8923,-108.2576,1743.7,3.1
"5244",35.6764,-108.1186,2076.1,2.36683027641436
"5245",35.5025,-108.181,2309.1,1.59833887043191
"5251",35.5328,-108.2533,2261.8,1.69124212936462
"5252",35.5556,-108.526,2333,1.33234421364983
"5254",35.5063,-108.1598,2256,2.7319988981728
"5255",35.5068,-108.2037,2327.9,0.901193802387599
"5256",35.5186,-108.2234,2303.2,1.19236440231701
"5257",35.5543,-108.4983,2281.5,1.02282515073212
"5258",35.6078,-108.514,2163.5,2.36468646864687
"5259",35.6514,-108.5188,2187.3,3.07301223241589
"5260",35.5029,-108.6499,2180.4,2.83819598123395
"5262",35.6573,-108.4732,2198.1,2.17837219281934
"5263",35.565,-108.5461,2232.9,1.7
"5264",35.5657,-108.5472,2243.7,1.8
"5265",35.5669,-108.5659,2203.3,1.1
"5268",35.5909,-108.5839,2088.2,3.10804597701151
"5269",35.6062,-108.5862,2053.3,1.49990125082291
"5271",35.5182,-108.2288,2297.6,4.95178813942967
"5274",35.6205,-108.612,2159.5,2.91409099635247
"5275",35.6448,-108.2984,2271.4,0.621901770416905
"5276",35.6289,-108.5805,2170.6,0.695019157088123
"5277",35.6423,-108.5335,2273.5,1.31818181818182
"5278",35.6336,-108.5784,2182.6,2.64172661870504
"5279",35.6256,-108.5514,2082.6,2.73504996156807
"5280",35.6253,-108.5517,2082.5,3.34077019673505
"5281",35.6284,-108.5322,2117.2,1.4
"5283",35.6264,-108.5833,2129.5,3.40334165546379
"5285",35.5276,-108.2465,2266.7,2.93915799004075
"5286",35.6201,-108.5787,2076.8,1.46835286859962
"5287",35.6111,-108.5786,2055,1.80814657287747
"5288",35.6035,-108.5781,2053.4,2.3
"5291",35.6315,-108.5381,2163,2
"5292",36.7102,-109.0248,1706,2.22796352583586
"5293",36.7093,-109.0228,1698.8,0.8
"5294",36.7004,-109.0117,1691.7,3.71402577710392
"5295",35.0918,-108.0373,2327.8,1.3
"5296",35.629,-108.5508,2089.1,2.01246177370035
"5298",36.7719,-108.6851,1525.7,2.2
"5300",36.7901,-109.0211,1775.5,4.40401761144745
"5301",35.6813,-108.2783,2274.9,5.15679912504557
"5302",35.6846,-108.1677,2087.3,2.08268117619819
"5303",35.6303,-108.5506,2095.4,2.16866735291789
"5304",35.5725,-108.6059,2146.6,2
"5305",35.6062,-108.5862,2053.3,1.49990125082291
"5306",35.7296,-108.2192,2013.4,1.50542495479204
"5307",36.7687,-109.0233,1821.6,4.61063320141638
"5310",36.7977,-109.0073,1683.5,3.04899516662427
"5312",36.8834,-108.4708,1711.1,3.18757170172083
"5313",36.8677,-108.451,1675.2,1.83098591549295
"5314",36.8699,-108.458,1664.9,2.84311926605508
"5315",36.8659,-108.4574,1658.4,1.8
"5316",36.8886,-108.4589,1696.2,3.1
"5317",36.8948,-108.4926,1717.4,3.1
"5318",36.634,-108.5779,1697.5,1.62201639064367
"5319",36.8456,-108.4045,1733.9,0.8
"5322",36.8428,-108.4569,1646,2.73583455344068
"5323",36.7255,-109.0364,1703.2,2.58216432865731
"5325",36.6875,-108.8333,1760,1.68572501878289
"5327",36.4366,-108.7774,1733,4.15878684807252
"5328",36.727,-108.121,1701.9,2.37461361394276
"5351",36.772,-108.5457,1610.4,1.4
"5352",36.8263,-108.5154,1675.9,2.4159649122807
"5353",36.8993,-108.511,1738.8,1.9
"5354",36.9233,-108.5111,1732.5,3.2
"5355",36.9298,-108.5068,1730.6,1.9
"5356",36.9539,-108.5303,1709.9,1.48284671532857
"5357",36.9512,-108.5265,1707.2,0.91606472117885
"5358",36.9536,-108.5517,1710.1,2.1
"5359",36.9555,-108.6149,1800.8,2.9
"5360",36.9735,-108.6142,1809.9,2.6
"5361",36.958,-108.6151,1813.6,3
"5362",36.9641,-108.6149,1813.1,2.9
"5363",36.8995,-108.5296,1707.7,3.11633292130202
"5364",36.9113,-108.5096,1736.3,2.29684423856399
"5365",36.7063,-109.0086,1674.5,4.53287740628164
"5366",36.7971,-108.6858,1543.8,2.2
"5367",36.436,-109.0219,2226.1,4.54347826086957
"5368",36.7813,-109.036,1758,1.51973503883052
"5369",36.406,-109.0012,2135.6,2.83481403137669
"5370",36.438,-109.0269,2237.9,1.49886363636365
"5371",36.9788,-108.185,1833.9,1.8
"5372",36.4306,-108.9972,2034.4,3.22979452054792
"5373",36.9717,-108.5591,1764.1,4.4
"5374",36.2262,-108.8694,1928.7,4.13697602785591
"5375",36.4333,-108.9902,2076.5,7.51005944215826
"5376",36.2296,-108.8953,2153.3,5.7459833795014
"5377",36.257,-108.9289,2361.1,2.79930069930071
"5378",36.2573,-108.8912,2008.1,3.53815331010452
"5379",36.3356,-108.9143,1944.8,3.3
"5380",36.7196,-109.0369,1760.9,10.2461893764435
"5381",36.7224,-109.0344,1729.1,2.67145824678022
"5383",36.4136,-109.0035,2208.8,2.66919592298981
"5384",36.4142,-109.0013,2333.9,2.17004504504496
"5385",36.7579,-109.0432,1779.9,2.1
"5386",36.7349,-109.0418,1768.6,3.05997725980671
"5387",36.3959,-109.0103,2218.9,3.4
"5388",36.4634,-109.042,2303.9,2.87812678469446
"5389",36.8097,-108.5167,1652.1,3.6
"5390",36.4097,-108.9902,2197.6,6.77626886145406
"5391",36.6997,-109.0398,1734.8,1.3
"5392",36.6964,-109.0383,1712.2,2.1
"5393",36.4294,-109.0131,2125.6,2
"5394",36.4305,-109.007,2123.3,3.29135802469136
"5395",36.418,-109.0048,2106.6,2.04992389649923
"5396",36.4212,-109.0024,2077.4,2.30697278911564
"5397",36.4375,-109.0195,2297.1,2.32102272727274
"5398",36.7972,-109.0445,1893.6,2.34676313785224
"5399",36.7168,-109.0112,1669.3,2.62429906542056
"5400",36.4418,-109.0293,2213.7,2.7461821527139
"5401",36.4425,-109.0225,2282.2,3.30566037735849
"5402",36.79,-109.0368,1781.6,2.9961287849751
"5403",36.8067,-109.0332,1789.5,3.75739130434782
"5404",36.7114,-109.0158,1645.5,1.9
"5405",36.7333,-109.0104,1871.1,2.5994993172508
"5406",36.7094,-109.0265,1705.5,4.28283062645021
"5407",36.7684,-109.0431,1794.9,1.3
"5408",36.7201,-109.0363,1735.1,3.8
"5409",36.7584,-109.0391,1775.4,1.80930396475769
"5410",36.7323,-109.0338,1697.4,6.78379629629645
"5411",36.7136,-109.0373,1734.6,7.97479279794226
"5412",36.7211,-109.0671,1779.5,2.62307252998285
"5413",36.7103,-109.0172,1670,3.86107450582865
"5414",36.8015,-109.018,1734.2,2.41662817551964
"5415",36.7916,-109.0341,1781.1,2.3
"5416",36.6695,-109.0088,1764.7,1.8
"5417",36.7249,-109.0236,1689,1.62015945330296
"5418",36.7348,-109.0385,1751.9,5.76850934044987
"5419",36.4489,-108.898,1965.8,3.87027649769585
"5420",36.418,-108.9985,2183.7,2.27083903328773
"5421",36.7197,-109.0282,1720.9,2.63480916030534
"5422",36.7177,-109.0314,1750.4,3.3
"5423",36.7161,-109.0335,1729.3,8.88745724059274
"5424",36.7167,-109.0309,1745.1,1.9
"5425",36.2279,-108.8672,1926.7,5.99027002564492
"5426",36.4343,-109.0227,2169.2,3.38059093224657
"5427",36.425,-108.9874,2117.8,3.2
"5428",36.4278,-108.9903,2074.2,2.89987228607918
"5429",36.4325,-109.0199,2211.3,2.43037836659035
"5430",36.4274,-109.0082,2058.1,2.49122006841505
"5431",36.4092,-109,2142.1,2.87199935033295
"5432",36.3967,-108.9933,2314,2.1598591549295
"5433",36.3945,-109.0067,2212.2,2.51997226074896
"5434",36.4413,-109.0305,2251.2,1.8141876430206
"5435",36.744,-109.0355,1782.1,2.59273084479371
"5436",36.7078,-109.0194,1671.5,3.36654786150712
"5437",36.7003,-109.0122,1688.5,3.10422812192723
"5438",36.6966,-109.041,1753,3.6066042047532
"5439",36.8187,-109.0364,1816.4,2.76893787575151
"5440",36.8187,-109.0298,1750.2,3.3
"5441",36.7255,-109.038,1760.5,2.4
"5448",36.7203,-109.0374,1748.2,2.3
"5455",36.7354,-109.0344,1735.6,2.72006647278769
"5459",36.3791,-109.0152,2390.7,4.5903839842468
"5461",36.7186,-109.0254,1716.7,3.39667907243061
"5462",36.7166,-109.0255,1717.6,1.97680869316557
